title,website,category,size,city,neighborhood,latitude,longitude,twit,inst,linkATitle,linkAURL,linkBTitle,linkBURL,pullquote,episodePromo,episodePerson,episodeURL,color,published,,naming,typography,ecommerce,engineering,3D,development,branding,photography,printer,print,sound,environmental,strategy,motion,advertising,vfx,research,experiential,recruiter,video,packaging,voice,marketing,school,press,gaming,community,inhouse,interactive,interior,exhibition,eCommerce,public relations,events,architecture,industrial,presentation,experience,product,illustration,ux/ui
24 Seven,https://www.24seventalent.com/,numbers,Large (41-100),Seattle,Downtown,-122.33747784633883,47.610864339941855,24seventalent,24seventalent,,,,,,,,,,true,,,,,,,,,,,,,,,,,,,,,,,,,,,,,,,,,,,,,,,,,,
3 Crown Creative,https://3crowncreative.com/,numbers,Small (1-10),Seattle,Fremont,-122.34166844627667,47.649787758850536,,,,,,,,,,,,true,,,,,,,,,,,,,,,,,,,,,,,,,,,,,,,,,,,,,,,,,,
4th Ave Media,https://www.4thavenuemedia.com/,numbers,Small (1-10),Seattle,Mercer Island,-122.21284547326132,47.57782610542406,,,,,,,,,,,,true,,,,,,,,,,,,,,,,,,,,,,,,,,,,,,,,,,,,,,,,,,
51 Eggs,http://www.51eggs.com,numbers,Small (1-10),Seattle,Georgetown,,,,,,,,,,,,,,true,,,,,,,,,,,,,,,,,,,,,,,,,,,,,,,,,,,,,,,,,,
AMP,https://www.ampagency.com,A,Large (41-100),Seattle,Pike Place Market,-122.34141889720154,47.60878266984543,amp_agency,amp_agency,,,,,,,,,,true,,,,,,,,,,,,,,,,,,,,,,,,,,,,,,,,,,,,,,,,,,
ANEMONE,https://anemone.studio,A,Small (1-10),Seattle,Roosevelt,,,anemone_es,spectrolite.app,,,,,,,,,,true,,,,,,,,,,,,,,,,,,,,,,,,,,,,,,,,,,,,,,,,,,
Acrylicize,http://www.acrylicize.com,A,Medium (11-40),Seattle,Capitol Hill,-122.33592376752058,47.61019104143859,acrylicize,acrylicize,,,,,,,,,,true,,,,,,,,,,,,,,,,,,,,,,,,,,,,,,,,,,,,,,,,,,
Add3,https://www.add3.com/,A,Medium (11-40),Seattle,Capitol Hill,-122.32538424658692,47.61451392031075,add3com,add3com,,,,,,,,,,true,,,,,,,,,,,,,,,,,,,,,,,,,,,,,,,,,,,,,,,,,,
Adobe,https://www.adobe.com,A,Large (41-100),Seattle,Fremont,-122.34788263281095,47.648672068906215,adobe,,,,,,,,,,,true,,,,,,,,,,,,,,,,,,,,,,,,,,,,,,,,,,,,,,,,,,
Allovus,https://www.allovus.com/,A,Small (1-10),Gig Harbor,,-122.33386870028093,47.59888748611175,allovusdesign,allovusdesign,,,,,,,,,,true,,,,,,,,,,,,,,,,,,,,,,,,,,,,,,,,,,,,,,,,,,
Alphagraphics,https://www.alphagraphicsseattle.com/,A,Medium (11-40),Seattle,Belltown,-122.35675392886071,47.62667238095744,alphagseattle,alphagraphicsseattle,,,,,,,,,,true,,,,,,,,,,,,,,,,,,,,,,,,,,,,,,,,,,,,,,,,,,
Amazon,https://amazon.design/,A,Huge (100+),Seattle,South Lake Union,-122.33940305922536,47.62308221561045,,,,,,,,,,,,true,,,,,,,,,,,,,,,,,,,,,,,,,,,,,,,,,,,,,,,,,,
Amber Design,https://www.awesomeamber.com/,A,Small (1-10),Marysville,,-116.6424628520817,43.582240694776566,amberdesign_,awesomeamberdesign,,,,,,,,,,true,,,,,,,,,,,,,,,,,,,,,,,,,,,,,,,,,,,,,,,,,,
AnthroTech,https://anthro-tech.com/,A,Medium (11-40),Olympia,Downtown,-122.33423464658188,47.610299596401916,anthrotechux,anthrotechux,,,,,,,,,,true,,,,,,,,,,,,,,,,,,,,,,,,,,,,,,,,,,,,,,,,,,
Anvil,https://anvil-studios.com,A,Small (1-10),Seattle,Pioneer Square,-122.31767084463806,47.61440349215518,,,,,,,,,,,,true,,,,,,,,,,,,,,,,,,,,,,,,,,,,,,,,,,,,,,,,,,
Aquent,https://aquent.com/,A,Large (41-100),Seattle,Fremont,-122.34349285738608,47.6509659310144,aquent,,,,,,,,,,,true,,,,,,,,,,,,,,,,,,,,,,,,,,,,,,,,,,,,,,,,,,
Armory Pacific,https://www.armorypacific.com/,A,Small (1-10),Seattle,SODO,-122.33466720123063,47.58493888007228,armorypacific,armorypacific,,,,,,,,,,true,,,,,,,,,,,,,,,,,,,,,,,,,,,,,,,,,,,,,,,,,,
Artefact,https://www.artefactgroup.com,A,Medium (11-40),Seattle,Pioneer Square,-122.33592025543011,47.60249807908566,artefactgroup,,,,,,"\We are inside the machinations of making products and services and systems for people and how do we use our powers to build this more equitable, sustainable world that we want?\",,,,cardEpisode5,true,,,,,,,,,,,,,,,,,,,,,,,,,,,,,,,,,,,,,,,,,,
Artitudes Design,https://artitudes.com/,A,Medium (11-40),Issaquah,,-122.02983364142511,47.53435953914904,artitudesdesign,artitudes,,,,,,,,,,true,,,,,,,,,,,,,,,,,,,,,,,,,,,,,,,,,,,,,,,,,,
BECU,https://www.becu.org/,B,Large (41-100),Tukwila,,-122.04987078271309,47.5470001396724,,,,,,,,,,,,true,,,,,,,,,,,,,,,,,,,,,,,,,,,,,,,,,,,,,,,,,,
Bear Group,https://www.beargroup.com/,B,Medium (11-40),Seattle,Westlake,-122.35677555069434,47.63261346102574,bearideas,,,,,,,,,,,true,,,,,,,,,,,,,,,,,,,,,,,,,,,,,,,,,,,,,,,,,,
Belief Agency,https://beliefagency.com/,B,Medium (11-40),Seattle,Fremont,-122.37084110239874,47.66331008234061,beliefagency,beliefagency,,,,,,,,,,true,,,,,,,,,,,,,,,,,,,,,,,,,,,,,,,,,,,,,,,,,,
"Belle & Wissell, Co.",http://www.bwco.info/,B,Small (1-10),Seattle,Georgetown,-122.33342296299608,47.5995124397986,belleandwissell,,,,,,,,,,,true,,,,,,,,,,,,,,,,,,,,,,,,,,,,,,,,,,,,,,,,,,
Black Antelope,https://www.blackantelope.com/,B,Small (1-10),Seattle,,,,,,,,,,,,,,,true,,,,,,,,,,,,,,,,,,,,,,,,,,,,,,,,,,,,,,,,,,
Blamo,http://www.blamo.agency/,B,Small (1-10),Seattle,Capitol Hill,-122.31947898174538,47.61284424505415,,blamo_corps,,,,,,,,,,true,,,,,,,,,,,,,,,,,,,,,,,,,,,,,,,,,,,,,,,,,,
Blind Tiger,https://blindtigerdesign.com/,B,Small (1-10),Seattle,Ballard,-122.38330325935408,47.66963602722012,blindtigerdsgn,,,,,,,,,,,true,,,,,,,,,,,,,,,,,,,,,,,,,,,,,,,,,,,,,,,,,,
Blink UX,https://blinkux.com/,B,Large (41-100),Seattle,Downtown,-122.33784463638571,47.60467791720985,blinkux,,,,,,,,,,,true,,,,,,,,,,,,,,,,,,,,,,,,,,,,,,,,,,,,,,,,,,
Bloom,https://bloom.wine/,B,Small (1-10),Seattle,Queen Anne,-122.35844420216213,47.61986244929172,BloomDotWine,bloomdotwine,,,,,,,,,,true,,,,,,,,,,,,,,,,,,,,,,,,,,,,,,,,,,,,,,,,,,
Blue Label Labs,https://www.bluelabellabs.com/,B,Large (41-100),Redmond,,-122.12204730406837,47.67684380362911,bluelabellabs,,,,,,,,,,,true,,,,,,,,,,,,,,,,,,,,,,,,,,,,,,,,,,,,,,,,,,
BrandQuery,https://brandquery.com/,B,Small (1-10),Mount Vernon,,-122.33939676319653,48.4139952144869,brandquery,brandquery,,,,,,,,,,true,,,,,,,,,,,,,,,,,,,,,,,,,,,,,,,,,,,,,,,,,,
Brandner Communications,https://www.brandner.com/,B,Medium (11-40),Federal Way,,-122.29039434395186,47.31425787560011,,teambrandner,,,,,,,,,,true,,,,,,,,,,,,,,,,,,,,,,,,,,,,,,,,,,,,,,,,,,
C+C,https://cplusc.com/,C,Large (41-100),Seattle,Pioneer Square,-122.33788984717818,47.60465000303519,colehourcohen,,,,,,,,,,,true,,,,,,,,,,,,,,,,,,,,,,,,,,,,,,,,,,,,,,,,,,
CMD Agency,https://www.cmdagency.com/,C,Large (41-100),Seattle,SODO,-122.33493707973393,47.592156711482794,cmdcreates,cmdcreates,,,,,,,,,,true,,,,,,,,,,,,,,,,,,,,,,,,,,,,,,,,,,,,,,,,,,
CROWN,https://crownsocial.com/,C,Medium (11-40),Seattle,South Lake Union,-122.33558644429986,47.60290339504598,crownsocial,crownsocial,,,,,,,,,,true,,,,,,,,,,,,,,,,,,,,,,,,,,,,,,,,,,,,,,,,,,
CURATOR Pictures,https://curatorpictures.com/,C,Small (1-10),Seattle,Fremont,,,,,,,,,,,,,,true,,,,,,,,,,,,,,,,,,,,,,,,,,,,,,,,,,,,,,,,,,
Catch Design Studio,https://www.catchstudio.com/,C,Small (1-10),Seattle,Capitol Hill,-122.3610237761914,47.52235745597132,,catch_design_studio,,,,,,,,,,true,,,,,,,,,,,,,,,,,,,,,,,,,,,,,,,,,,,,,,,,,,
Chalkbox Creative,https://chalkboxstudio.com/,C,Small (1-10),Seattle,,,,,chalkboxcreative,,,,,,,,,,true,,,,,,,,,,,,,,,,,,,,,,,,,,,,,,,,,,,,,,,,,,
ChefSteps,https://www.chefsteps.com/,C,Medium (11-40),Seattle,Pike Place Market,-122.34106780672438,47.60865973244664,chefsteps,chefsteps,,,,,,,,,,true,,,,,,,,,,,,,,,,,,,,,,,,,,,,,,,,,,,,,,,,,,
Civilization,https://builtbycivilization.com/,C,Small (1-10),Seattle,Pioneer Square,-122.333756,47.5980645,bycivilization,builtbycivilization,,,,,,,,,,true,,,,,,,,,,,,,,,,,,,,,,,,,,,,,,,,,,,,,,,,,,
Clyde Golden,https://clydegolden.com/,C,Small (1-10),Seattle,Ballard,-122.34001356931043,47.638455200139596,,clydegolden,,,,,"\If you fail as an entrepreneur, you have to go get a job, and it's not that scary because you already don't have a job.\",,,,cardEpisode6,true,,,,,,,,,,,,,,,,,,,,,,,,,,,,,,,,,,,,,,,,,,
CodeTactic,https://www.codetactic.com/,C,Small (1-10),Seattle,Ballard,-122.37813197313346,47.669911500356505,,,,,,,,,,,,true,,,,,,,,,,,,,,,,,,,,,,,,,,,,,,,,,,,,,,,,,,
Cognition Studio,https://cognitionstudio.com/,C,Small (1-10),Seattle,Ballard,-122.37151117128019,47.665403389821655,cognitionstudio,,,,,,,,,,,true,,,,,,,,,,,,,,,,,,,,,,,,,,,,,,,,,,,,,,,,,,
Color Creative,https://colorcreative.com/,C,Large (41-100),Bellevue,,-122.1565791712833,47.586604960618246,,plan.create.destroy,,,,,,,,,,true,,,,,,,,,,,,,,,,,,,,,,,,,,,,,,,,,,,,,,,,,,
Column,http://columnseattle.com/,C,Small (1-10),Seattle,Pioneer Square,-122.33043325779133,47.59956820473089,columnseattle,,,,,,,,,,,true,,,,,,,,,,,,,,,,,,,,,,,,,,,,,,,,,,,,,,,,,,
Copacino + Fujikado,https://www.copacino.com/,C,Medium (11-40),Seattle,Downtown,-122.3368583308082,47.61010190724512,,copacinofujikado,,,,,,,,,,true,,,,,,,,,,,,,,,,,,,,,,,,,,,,,,,,,,,,,,,,,,
Craters of the Moon,https://www.cotm-marketing.com/,C,Small (1-10),Cle Elum,,-122.33453059826617,47.58477491107682,cotmmarketing,,,,,,,,,,,true,,,,,,,,,,,,,,,,,,,,,,,,,,,,,,,,,,,,,,,,,,
Creative Media Alliance,http://creativemediaalliance.com/,C,Medium (11-40),Seattle,Pioneer Square,-122.33558644429986,47.60290339504598,cmaseattle,cmaseattle,,,,,,,,,,true,,,,,,,,,,,,,,,,,,,,,,,,,,,,,,,,,,,,,,,,,,
Cruxx Media,https://www.cruxxmedia.com/,C,Medium (11-40),Seattle,Eastlake,-122.33558644429986,47.60290339504598,,,,,,,,,,,,true,,,,,,,,,,,,,,,,,,,,,,,,,,,,,,,,,,,,,,,,,,
DNA,http://dnaseattle.com/,D,Medium (11-40),Seattle,Downtown,-122.33426762698282,47.60903806431219,dnaseattle,dnaseattle,,,,,,,,,,true,,,,,,,,,,,,,,,,,,,,,,,,,,,,,,,,,,,,,,,,,,
Dapper,http://dapperad.com/,D,Small (1-10),Seattle,Belltown,-122.34581057128224,47.61181333490641,,,,,,,,,,,,true,,,,,,,,,,,,,,,,,,,,,,,,,,,,,,,,,,,,,,,,,,
Deloitte Digital,https://www.deloittedigital.com/,D,Large (41-100),Seattle,Downtown,-122.33480823749403,47.60445094735242,DeloitteDigi_US,,,,,,,,,,,true,,,,,,,,,,,,,,,,,,,,,,,,,,,,,,,,,,,,,,,,,,
Design Citizen,https://www.designcitizen.com/,D,Small (1-10),Seattle,Capitol Hill,,,,design.citizen,,,,,,,,,,true,,,,,,,,,,,,,,,,,,,,,,,,,,,,,,,,,,,,,,,,,,
Designheavy,http://designheavy.com/,D,Small (1-10),Seattle,Crown Hill,,,,,,,,,,,,,,true,,,,,,,,,,,,,,,,,,,,,,,,,,,,,,,,,,,,,,,,,,
Designit,https://www.designit.com/,D,Medium (11-40),Seattle,Downtown,-122.33540955581903,47.60790420180233,,designit,,,,,,,,,,true,,,,,,,,,,,,,,,,,,,,,,,,,,,,,,,,,,,,,,,,,,
Digital Kitchen,https://www.thisisdk.com/,D,Medium (11-40),Seattle,Downtown,-122.33231004615317,47.60429809445157,digitalkitchen,,,,,,,,,,,true,,,,,,,,,,,,,,,,,,,,,,,,,,,,,,,,,,,,,,,,,,
Double Knot Creative,https://doubleknotcreative.com/,D,Small (1-10),Seattle,South Lake Union,-122.32863594429874,47.6296250086462,doubleknottweet,,,,,,,,,,,true,,,,,,,,,,,,,,,,,,,,,,,,,,,,,,,,,,,,,,,,,,
Drake Cooper,https://drakecooper.com/,D,Medium (11-40),Seattle,South Lake Union,-122.33003796931044,47.62356280582363,DrakeCooper,,,,,,,,,,,true,,,,,,,,,,,,,,,,,,,,,,,,,,,,,,,,,,,,,,,,,,
Dulce Design co,http://www.dulcedesign.com/,D,Small (1-10),Seattle,First Hill,-122.37045555964579,47.572902220393374,,dulcedesigncompany,,,,,,,,,,true,,,,,,,,,,,,,,,,,,,,,,,,,,,,,,,,,,,,,,,,,,
Dupla Studios,http://duplastudios.com/,D,Small (1-10),Seattle,Queen Anne,-122.34707781916704,47.69051889428885,duplastudios,duplastudios,,,,,,,,,,true,,,,,,,,,,,,,,,,,,,,,,,,,,,,,,,,,,,,,,,,,,
Efelle Creative,https://www.seattlewebdesign.com/,E,Medium (11-40),Seattle,Downtown,-122.33184440197213,47.60592245259766,seattlewebsites,efellecreative,,,,,,,,,,true,,,,,,,,,,,,,,,,,,,,,,,,,,,,,,,,,,,,,,,,,,
Egg,http://www.eggbranding.com/,E,Small (1-10),Vashon Island,,-122.46982440608141,47.48168324098728,eggseattle,,,,,,,,,,,true,,,,,,,,,,,,,,,,,,,,,,,,,,,,,,,,,,,,,,,,,,
Electric Pen,https://electricpen.com/,E,Small (1-10),Seattle,Fremont,-122.33957071546237,47.6346596028054,,electric.pen,,,,,,,,,,true,,,,,,,,,,,,,,,,,,,,,,,,,,,,,,,,,,,,,,,,,,
Emblem,http://studioemblem.com/,E,Small (1-10),Seattle,,-122.3343909596447,47.602023600267785,,studioemblem,,,,,,,,,,true,,,,,,,,,,,,,,,,,,,,,,,,,,,,,,,,,,,,,,,,,,
Extreme Arts & Sciences,https://www.easci.com/,E,Small (1-10),Seattle,Capitol Hill,,,easci,,,,,,,,,,,true,,,,,,,,,,,,,,,,,,,,,,,,,,,,,,,,,,,,,,,,,,
FUSE IQ,https://www.fuseiq.com/,F,Medium (11-40),Seattle,Pioneer Square,,,fuseiq,,,,,,,,,,,false,,,,,,,,,,,,,,,,,,,,,,,,,,,,,,,,,,,,,,,,,,
FXville,https://www.fxville.com/,F,Small (1-10),Seattle,Queen Anne,-122.3594721558239,47.621234657316265,FXVille,,,,,,,,,,,true,,,,,,,,,,,,,,,,,,,,,,,,,,,,,,,,,,,,,,,,,,
Fearless360,http://fearless360.com/,F,Small (1-10),Seattle,,-122.31738387223345,47.61520600728089,fearless360team,,,,,,,,,,,true,,,,,,,,,,,,,,,,,,,,,,,,,,,,,,,,,,,,,,,,,,
Fell Swoop,https://www.fellswoop.com/,F,Small (1-10),Seattle,Pike Place Market,-122.34201504634689,47.611062443946416,Fell_Swoop,,,,,,,,,,,true,,,,,,,,,,,,,,,,,,,,,,,,,,,,,,,,,,,,,,,,,,
Film Connection Film Institute,https://www.filmconnection.com/,F,Medium (11-40),Seattle,Pioneer Square,-122.33462689488078,47.60385738001483,,filmconnectionfilminstitute,,,,,,,,,,true,,,,,,,,,,,,,,,,,,,,,,,,,,,,,,,,,,,,,,,,,,
Filter,https://filterdigital.com/,F,Medium (11-40),Seattle,Downtown,-122.33593549815345,47.611115323874735,FilterDigital,filterdigital,,,,,,,,,,true,,,,,,,,,,,,,,,,,,,,,,,,,,,,,,,,,,,,,,,,,,
Fitch,https://fitch.com/home,F,Small (1-10),Seattle,Downtown,-122.33547660217097,47.60786478040338,,fitch_design,,,,,,,,,,true,,,,,,,,,,,,,,,,,,,,,,,,,,,,,,,,,,,,,,,,,,
Flower Press,https://www.theflowerpress.net/,F,Small (1-10),Seattle,Queen Anne,-122.3566298733345,47.63898187757741,,,,,,,,,,,,true,,,,,,,,,,,,,,,,,,,,,,,,,,,,,,,,,,,,,,,,,,
Flying Eye,http://www.flyingeyedesign.com/,F,Small (1-10),Seattle,Fremont,-122.3653004733339,47.658027976079254,,,,,,,,,,,,true,,,,,,,,,,,,,,,,,,,,,,,,,,,,,,,,,,,,,,,,,,
Form,http://www.formmade.com/,F,Small (1-10),Seattle,U District,-122.31775085984121,47.613896593443236,formmade,formmade,,,,,,,,,,true,,,,,,,,,,,,,,,,,,,,,,,,,,,,,,,,,,,,,,,,,,
Formidable,https://formidable.com/,F,Medium (11-40),Seattle,Fremont,-122.33714231349431,47.614224613123895,FormidableLabs,,,,,,,,,,,true,,,,,,,,,,,,,,,,,,,,,,,,,,,,,,,,,,,,,,,,,,
Forum One,https://www.forumone.com/,F,Large (41-100),Seattle,Belltown,-122.34242755984114,47.61435622681748,forumone,forum_one,,,,,,,,,,true,,,,,,,,,,,,,,,,,,,,,,,,,,,,,,,,,,,,,,,,,,
Foundry Interactive,https://www.foundryinteractive.com/,F,Small (1-10),Seattle,Pioneer Square,-122.33741939815346,47.60475161049437,foundryinc,,,,,,,,,,,true,,,,,,,,,,,,,,,,,,,,,,,,,,,,,,,,,,,,,,,,,,
Framework,http://weareframework.com/,F,Small (1-10),Seattle,Capitol Hill,-122.3158675579947,47.614056869684994,,we.are.framework,,,,,,,,,,true,,,,,,,,,,,,,,,,,,,,,,,,,,,,,,,,,,,,,,,,,,
Fresh Consulting,https://www.freshconsulting.com/,F,Large (41-100),Bellevue,,-122.14335187487924,47.578003501120726,FreshConsulting,freshconsulting,,,,,,,,,,true,,,,,,,,,,,,,,,,,,,,,,,,,,,,,,,,,,,,,,,,,,
Fujisan Marketing,https://www.fujisanmarketing.com/?seattle-creative-directory,F,Small (1-10),Seattle,Fremont,-122.34936725582389,47.65039513295494,FujisanMarket,fujisanmarketing,,,,,,,,,,true,,,,,,,,,,,,,,,,,,,,,,,,,,,,,,,,,,,,,,,,,,
Fuzzco,https://fuzzco.com/,F,Small (1-10),Seattle,Pioneer Square,-122.33043325799518,47.59945968652829,,fuzzco,,,,,,,,,,true,,,,,,,,,,,,,,,,,,,,,,,,,,,,,,,,,,,,,,,,,,
GA Creative,https://www.gacreative.com/,G,Medium (11-40),Bellevue,,-122.15472402915896,47.625684014589275,GA_Creative,,,,,,,,,,,true,,,,,,,,,,,,,,,,,,,,,,,,,,,,,,,,,,,,,,,,,,
GRAY Magazine,https://graymag.com/,G,Small (1-10),Seattle,Georgetown,,,Gray_Magazine,Gray_Magazine,,,,,,,,,,true,,,,,,,,,,,,,,,,,,,,,,,,,,,,,,,,,,,,,,,,,,
Garrigan Lyman Group,https://www.glg.com/,G,Large (41-100),Seattle,Downtown,-122.33604203100603,47.61164230123766,garriganlyman,garriganlyman,,,,,,,,,,true,,,,,,,,,,,,,,,,,,,,,,,,,,,,,,,,,,,,,,,,,,
Gather,http://www.gatherseattle.com/,G,Small (1-10),Seattle,Pioneer Square,,,,gatherseattle,,,,,,,,,,false,,,,,,,,,,,,,,,,,,,,,,,,,,,,,,,,,,,,,,,,,,
GenUI,https://www.genui.co/,G,Large (41-100),Seattle,Fremont,-122.35179453100447,47.65072872102912,generalui,,,,,,,,,,,true,,,,,,,,,,,,,,,,,,,,,,,,,,,,,,,,,,,,,,,,,,
Gensler,https://www.gensler.com/offices/seattle,G,Large (41-100),Seattle,Downtown,-122.33193700032444,47.609261243024314,,genslerseattle,,,,,,,,,,true,,,,,,,,,,,,,,,,,,,,,,,,,,,,,,,,,,,,,,,,,,
Getty Images,https://www.gettyimages.com/,G,Large (41-100),Seattle,The ID,-122.32877745582385,47.5970305074843,GettyImages,,,,,,,,,,,true,,,,,,,,,,,,,,,,,,,,,,,,,,,,,,,,,,,,,,,,,,
Girvin,https://www.girvin.com/,G,Small (1-10),Seattle,Belltown,-122.35154425605857,47.64102391040903,girvindesign,girvinbranding,,,,,,,,,,true,,,,,,,,,,,,,,,,,,,,,,,,,,,,,,,,,,,,,,,,,,
Google,https://design.google/,G,Huge (100+),Seattle,Fremont,-122.35036304449902,47.64916021607307,googledesign,googledesign,,,,,,,,,,true,,,,,,,,,,,,,,,,,,,,,,,,,,,,,,,,,,,,,,,,,,
Grain,http://www.graindesign.com/,G,Small (1-10),Seattle,Bainbridge,-122.54507940216828,47.67803917154685,grain_design,grain_design,,,,,,,,,,true,,,,,,,,,,,,,,,,,,,,,,,,,,,,,,,,,,,,,,,,,,
Graphiti Associates,https://graphiti.com/,G,Small (1-10),Seattle,Fremont,-122.34969831534087,47.651308512266795,Graphiti,graphiti_associates,,,,,,,,,,true,,,,,,,,,,,,,,,,,,,,,,,,,,,,,,,,,,,,,,,,,,
Gravity Creative,http://www.gravitycreative.com/,G,Small (1-10),Seattle,Belltown,-122.35132791566518,47.613679431142344,gravitycreative,gravitycreative_seattle,,,,,,,,,,true,,,,,,,,,,,,,,,,,,,,,,,,,,,,,,,,,,,,,,,,,,
Grayscale Creative,http://grayscaledesignstudio.com/,G,Small (1-10),Seattle,Fremont,-122.34385990915864,47.6532681919203,,grayscaledesignstudio,,,,,,,,,,true,,,,,,,,,,,,,,,,,,,,,,,,,,,,,,,,,,,,,,,,,,
Green Rubino,https://www.greenrubino.com/,G,Medium (11-40),Seattle,Eastlake,-122.32829644780116,47.63725895154531,GreenRubino,GreenRubino,,,,,,,,,,true,,,,,,,,,,,,,,,,,,,,,,,,,,,,,,,,,,,,,,,,,,
HTC,https://www.htc.com/us/,H,Large (41-100),Seattle,Pioneer Square,-122.33241490179827,47.600404652417524,HTCUSA,htc,,,,,,,,,,true,,,,,,,,,,,,,,,,,,,,,,,,,,,,,,,,,,,,,,,,,,
Hacker Agency,https://hal2l.com/,H,Large (41-100),Seattle,Downtown,-122.33395627110865,47.61008281503521,,hackeragency,,,,,,,,,,true,,,,,,,,,,,,,,,,,,,,,,,,,,,,,,,,,,,,,,,,,,
Hand Crank Films,https://www.handcrankfilms.com/,H,Small (1-10),Seattle,Ballard,-122.38680563243992,47.668814367093084,,handcrankfilms,,,,,,,,,,true,,,,,,,,,,,,,,,,,,,,,,,,,,,,,,,,,,,,,,,,,,
Hay & Co,https://www.hayandcodesign.com/,H,Small (1-10),Kenmore,,,,,hayandcodesign,,,,,,,,,,true,,,,,,,,,,,,,,,,,,,,,,,,,,,,,,,,,,,,,,,,,,
Heckler Branding,https://www.hecklerbranding.com/,H,Small (1-10),Seattle,South Lake Union,,,hecklerbranding,,,,,,,,,,,true,,,,,,,,,,,,,,,,,,,,,,,,,,,,,,,,,,,,,,,,,,
Helpful Human,http://www.helpfulhuman.com/,H,Small (1-10),Seattle,Pioneer Square,,,helpfulhuman,helpfulhuman,,,,,,,,,,true,,,,,,,,,,,,,,,,,,,,,,,,,,,,,,,,,,,,,,,,,,
Hemlock Printers,https://www.hemlock.com/,H,Large (41-100),Seattle,Pioneer Square,-122.33549424782144,47.604240089366456,HemlockPrinters,HemlockPrinters,,,,,,,,,,true,,,,,,,,,,,,,,,,,,,,,,,,,,,,,,,,,,,,,,,,,,
Hero Creative,https://www.herocreative.com/,H,Small (1-10),Seattle,Pioneer Square,-122.33462838645536,47.60238827207535,herocreativellc,herocreativemedia,,,,,,,,,,true,,,,,,,,,,,,,,,,,,,,,,,,,,,,,,,,,,,,,,,,,,
"Hey,",https://heyadvertising.com/,H,Medium (11-40),Seattle,Capitol Hill,-122.31732913247303,47.61497661280673,HeyAdvertising,heyadvertising,,,,,,,,,,true,,,,,,,,,,,,,,,,,,,,,,,,,,,,,,,,,,,,,,,,,,
House of Sorcery,https://www.houseofsorcery.com/,H,Small (1-10),Seattle,Georgetown,-122.33225293075603,47.551485183231236,,houseofsorcery,,,,,,,,,,true,,,,,,,,,,,,,,,,,,,,,,,,,,,,,,,,,,,,,,,,,,
Hydrogen,https://hydrogenadvertising.com/,H,Small (1-10),Seattle,Downtown,-122.33662528644952,47.611427710885614,hydrogen_tweets,hydrogen_advertising,,,,,,,,,,true,,,,,,,,,,,,,,,,,,,,,,,,,,,,,,,,,,,,,,,,,,
ImageCo,http://www.imageco.com/,I,Small (1-10),Seattle,Fremont,-122.35078995574084,47.652321340259334,imageco,imageco,,,,,,,,,,true,,,,,,,,,,,,,,,,,,,,,,,,,,,,,,,,,,,,,,,,,,
Intentional Futures,https://intentionalfutures.com/,I,Medium (11-40),Seattle,Capitol Hill,-122.31247632231623,47.61525383637914,intentfutures,intentionalfutures,,,,,"\How do you get all the bullshit, unnecessary ideas and jargon out and get real clarity in terms of what you're saying and why, what you need to pay attention to, what you don't and why? That informs all of our work.\",,,,cardEpisode7,true,,,,,,,,,,,,,,,,,,,,,,,,,,,,,,,,,,,,,,,,,,
Invisible Creature,https://www.invisiblecreature.com/,I,Small (1-10),Maple Valley,,,,icreature,icreature,,,,,,,,,,true,,,,,,,,,,,,,,,,,,,,,,,,,,,,,,,,,,,,,,,,,,
JayRay,https://jayray.com/,J,Small (1-10),Tacoma,,-122.43861631734786,47.261107368894706,,jayrayadspr,,,,,,,,,,true,,,,,,,,,,,,,,,,,,,,,,,,,,,,,,,,,,,,,,,,,,
Jozi Firecracker Factory,https://jozifirecrackerfactory.com/,J,Small (1-10),Seattle,South Lake Union,,,jozifirecracker,,,,,,,,,,,true,,,,,,,,,,,,,,,,,,,,,,,,,,,,,,,,,,,,,,,,,,
Karass Creative,https://karasscreative.com/,K,Small (1-10),Seattle,Pioneer Square,-122.33389093529495,47.60307826547433,karasscreative,,,,,,,,,,,true,,,,,,,,,,,,,,,,,,,,,,,,,,,,,,,,,,,,,,,,,,
Kite,https://kitebrandstudio.com/,K,Small (1-10),Seattle,,-122.32948611574056,47.61126686626876,KiteBrand,,,,,,,,,,,true,,,,,,,,,,,,,,,,,,,,,,,,,,,,,,,,,,,,,,,,,,
Lehrman Cameron,http://lehrmancameron.com/,L,Small (1-10),Seattle,Greenwood,-122.35775723080215,47.68548522123129,,,,,,,,,,,,true,,,,,,,,,,,,,,,,,,,,,,,,,,,,,,,,,,,,,,,,,,
Little Hands of Stone,https://littlehandsofstone.com/,L,Small (1-10),Seattle,Fremont,-122.35721564039845,47.65318443998326,,lhos206,,,,,,,,,,true,,,,,,,,,,,,,,,,,,,,,,,,,,,,,,,,,,,,,,,,,,
LiveArea,https://www.liveareacx.com/,L,Large (41-100),Seattle,Downtown,,,LiveArea,,,,,,,,,,,false,,,,,,,,,,,,,,,,,,,,,,,,,,,,,,,,,,,,,,,,,,
Lore,http://lorenaming.com/,L,Small (1-10),Seattle,Ballard,,,,,,,,,,,,,,true,,,,,,,,,,,,,,,,,,,,,,,,,,,,,,,,,,,,,,,,,,
Lost Woods Entertainment,https://www.lostwoodsentertainment.com/,L,Small (1-10),Seattle,Ballard,,,,,,,,,,,,,,true,,,,,,,,,,,,,,,,,,,,,,,,,,,,,,,,,,,,,,,,,,
Lucia|Marquand,http://luciamarquand.com/,L,Small (1-10),Seattle,Downtown,-122.3378652444919,47.608640378674,luciamarquand,,,,,,,,,,,true,,,,,,,,,,,,,,,,,,,,,,,,,,,,,,,,,,,,,,,,,,
M Agency,https://whatisyourm.com/,M,Small (1-10),Tacoma,,-122.44023028683506,47.25242269239507,_M_Agency,_M_Agency,,,,,,,,,,true,,,,,,,,,,,,,,,,,,,,,,,,,,,,,,,,,,,,,,,,,,
MG2,https://mg2.com/,M,Large (41-100),Seattle,Downtown,-122.3366664598332,47.60607611949341,mg2_design,mg2_design,,,,,,,,,,true,,,,,,,,,,,,,,,,,,,,,,,,,,,,,,,,,,,,,,,,,,
MIG,https://www.migcom.com/,M,Large (41-100),Seattle,Pioneer Square,-122.34001377332731,47.61011464030987,MIGCommunity,migcommunity,,,,,,,,,,true,,,,,,,,,,,,,,,,,,,,,,,,,,,,,,,,,,,,,,,,,,
Mammoth,https://truebluestrategies.com/,T,Medium (11-40),Seattle,Capitol Hill,-122.33099330199573,47.59799948773961,TrueBlueDigital,,,,,,,,,,,true,,,,,,,,,,,,,,,,,,,,,,,,,,,,,,,,,,,,,,,,,,
McGraw Hill Education,https://www.mheducation.com/,M,Large (41-100),Seattle,Pioneer Square,-122.33304767315963,47.59953778281941,MHEducation,mheducation,,,,,,,,,,true,,,,,,,,,,,,,,,,,,,,,,,,,,,,,,,,,,,,,,,,,,
Mekanism,https://mekanism.com/,M,Large (41-100),Seattle,Capitol Hill,-122.33916164232947,47.60593217547992,mekanism,mekanism,,,,,,,,,,true,,,,,,,,,,,,,,,,,,,,,,,,,,,,,,,,,,,,,,,,,,
Mentor CG,http://www.mentorcg.com/,M,Small (1-10),Seattle,Fremont,-122.35008762914926,47.650360074585926,mentorcg,mentorcreator,,,,,,,,,,true,,,,,,,,,,,,,,,,,,,,,,,,,,,,,,,,,,,,,,,,,,
Mercer Island Group,https://www.mercerislandgroup.net/,M,Small (1-10),Seattle,Mercer Island,-122.234774544493,47.582414743742206,,,,,,,,,,,,true,,,,,,,,,,,,,,,,,,,,,,,,,,,,,,,,,,,,,,,,,,
Messenger,https://messengercorp.com/,M,Medium (11-40),Seattle,Georgetown,-122.33776783099978,47.55748874801413,M3Messengercorp,messengercorporation,,,,,,,,,,true,,,,,,,,,,,,,,,,,,,,,,,,,,,,,,,,,,,,,,,,,,
Meta,https://design.facebook.com/,M,Huge (100+),Seattle,Queen Anne,-122.34273821412414,47.62904813926928,DesignatMeta,,,,,,,,,,,true,,,,,,,,,,,,,,,,,,,,,,,,,,,,,,,,,,,,,,,,,,
Meta Quest,https://tech.facebook.com/reality-labs/,M,Large (41-100),Seattle,Queen Anne,,,Meta,meta,,,,,,,,,,true,,,,,,,,,,,,,,,,,,,,,,,,,,,,,,,,,,,,,,,,,,
Michael Craft Photography,https://www.michaelcraftphotography.com/,M,Small (1-10),Seattle,Queen Anne,-122.36579027147923,47.63966629455133,,michaelcraftphotographyseattle,,,,,,,,,,true,,,,,,,,,,,,,,,,,,,,,,,,,,,,,,,,,,,,,,,,,,
Microsoft,https://www.microsoft.com/design,M,Huge (100+),Redmond,,-122.13048959998227,47.64446865811225,MicrosoftDesign,microsoft.design,,,,,,,,,,true,,,,,,,,,,,,,,,,,,,,,,,,,,,,,,,,,,,,,,,,,,
Mindhatch,https://www.mindhatchllc.com/,M,Small (1-10),Seattle,,,,mindhatchllc,mindhatch_llc,,,,,"\Every brief is different. Every client is different. Every challenge that they're working on is mostly different. And I think that just continually inspires me to think, oh, how can I apply what I know to best solve this problem? \",,,,cardEpisode8,true,,,,,,,,,,,,,,,,,,,,,,,,,,,,,,,,,,,,,,,,,,
MoPOP,https://www.mopop.org/,M,Medium (11-40),Seattle,Queen Anne,-122.34813523099733,47.621634240645136,mopopseattle,mopopseattle,,,,,,,,,,true,,,,,,,,,,,,,,,,,,,,,,,,,,,,,,,,,,,,,,,,,,
Moby,http://mobyinc.com/,M,Small (1-10),Seattle,Fremont,-122.3500270868199,47.65004206842862,builtbymoby,builtbymoby,,,,,,,,,,true,,,,,,,,,,,,,,,,,,,,,,,,,,,,,,,,,,,,,,,,,,
Modern Species,https://modernspecies.com/,M,Small (1-10),Olympia,Pike Place Market,,,ModSpec,modspec,,,,,,,,,,true,,,,,,,,,,,,,,,,,,,,,,,,,,,,,,,,,,,,,,,,,,
Monlux Illustration,https://monlux-illustration.square.site/,M,Small (1-10),Tacoma,,,,markmonlux,markmonlux,,,,,,,,,,true,,,,,,,,,,,,,,,,,,,,,,,,,,,,,,,,,,,,,,,,,,
Mutuus,https://www.mutuus-studio.com/,M,Small (1-10),Seattle,SODO,-122.31695748093864,47.54969442365798,,mutuus_studio,,,,,,,,,,true,,,,,,,,,,,,,,,,,,,,,,,,,,,,,,,,,,,,,,,,,,
NBBJ,http://www.nbbj.com/,N,Large (41-100),Seattle,South Lake Union,-122.33056081196261,47.620270876303,nbbjdesign,nbbjdesign,,,,,,,,,,true,,,,,,,,,,,,,,,,,,,,,,,,,,,,,,,,,,,,,,,,,,
Neversink,https://madebyneversink.com/,N,Small (1-10),Seattle,,,,MadeByNeversink,madebyneversink,,,,,,,,,,false,,,,,,,,,,,,,,,,,,,,,,,,,,,,,,,,,,,,,,,,,,
Nordstrom,https://shop.nordstrom.com/,N,Large (41-100),Seattle,Downtown,-122.33625588682136,47.61245226731475,nordstrom,nordstrom,,,,,,,,,,true,,,,,,,,,,,,,,,,,,,,,,,,,,,,,,,,,,,,,,,,,,
Notebleu,https://notebleu.com/,N,Small (1-10),Seattle,Queen Anne,-122.35780073099725,47.6231012303053,,,,,,,,,,,,true,,,,,,,,,,,,,,,,,,,,,,,,,,,,,,,,,,,,,,,,,,
Okaybro,https://okaybro.com/,O,Small (1-10),Seattle,,-122.32098827332818,47.58548658212372,,okaybro,,,,,,,,,,true,,,,,,,,,,,,,,,,,,,,,,,,,,,,,,,,,,,,,,,,,,
Olson Kundig,https://olsonkundig.com/,O,Large (41-100),Seattle,Pioneer Square,-122.3323793733276,47.599237936479824,olsonkundig,olsonkundig,,,,,,,,,,true,,,,,,,,,,,,,,,,,,,,,,,,,,,,,,,,,,,,,,,,,,
Olympus Press,https://olypress.com/,O,Medium (11-40),SeaTac,,-122.28867967148571,47.46918798807276,,olympuspress,,,,,,,,,,true,,,,,,,,,,,,,,,,,,,,,,,,,,,,,,,,,,,,,,,,,,
One Creative Lush,https://onecreativelush.com/,O,Small (1-10),Edmonds,,,,,,,,,,,,,,,true,,,,,,,,,,,,,,,,,,,,,,,,,,,,,,,,,,,,,,,,,,
Ontra Marketing Group,https://ontramarketing.com/,O,Small (1-10),Woodinville,,-122.16480315798053,47.756174562295755,ontramarketing,ontramarketing,,,,,,,,,,true,,,,,,,,,,,,,,,,,,,,,,,,,,,,,,,,,,,,,,,,,,
Oojon,http://www.oojon.com/,O,Small (1-10),Seattle,,,,the_oojon,the_oojon,,,,,,,,,,true,,,,,,,,,,,,,,,,,,,,,,,,,,,,,,,,,,,,,,,,,,
PLU Design,https://www.plu.edu/artd/,P,Large (41-100),Tacoma,,-122.44523040218023,47.145659223800834,,plu_artdesign,,,,,,,,,,true,,,,,,,,,,,,,,,,,,,,,,,,,,,,,,,,,,,,,,,,,,
POP,https://www.wearepop.com/,P,Large (41-100),Seattle,Downtown,-122.33418852698841,47.60961266320619,,pop_agency,,,,,,,,,,true,,,,,,,,,,,,,,,,,,,,,,,,,,,,,,,,,,,,,,,,,,
Parsons & Co,https://www.parsonsandco.com/,P,Small (1-10),Seattle,Ballard,-122.38114617332499,47.66909362745261,ParsonsandCo1,parsonsandco,,,,,,,,,,true,,,,,,,,,,,,,,,,,,,,,,,,,,,,,,,,,,,,,,,,,,
Partly Sunny,http://www.partly-sunny.com/,P,Small (1-10),Seattle,Ballard,,,patsnavely,,,,,,,,,,,false,,,,,,,,,,,,,,,,,,,,,,,,,,,,,,,,,,,,,,,,,,
People People,https://deicreative.com/,D,Small (1-10),Seattle,Capitol Hill,,,,deicreative,,,,,,,,,,true,,,,,,,,,,,,,,,,,,,,,,,,,,,,,,,,,,,,,,,,,,
Phinney Bischoff,https://phinneybischoff.com/,P,Small (1-10),Seattle,Capitol Hill,-122.3227890441763,47.62496256915262,phinneybischoff,phinneybischoff,,,,,,,,,,true,,,,,,,,,,,,,,,,,,,,,,,,,,,,,,,,,,,,,,,,,,
Photographic Center NW,http://pcnw.org/,P,Medium (11-40),Seattle,Capitol Hill,-122.31656284449197,47.61069957147263,photocenternw,photocenternw,,,,,,,,,,true,,,,,,,,,,,,,,,,,,,,,,,,,,,,,,,,,,,,,,,,,,
Photon Factory,https://www.photonfactory.org,P,Medium (11-40),Seattle,Pioneer Square,-122.32315181935228,47.55965528091016,,photonfactory,,,,,,,,,,true,,,,,,,,,,,,,,,,,,,,,,,,,,,,,,,,,,,,,,,,,,
Pike Street Press,https://pikestreetpress.com/,P,Small (1-10),Seattle,Pike Place Market,-122.34181671380993,47.60836227927665,,pikestreetpress,,,,,,,,,,true,,,,,,,,,,,,,,,,,,,,,,,,,,,,,,,,,,,,,,,,,,
Pilot Lab,http://www.pilotlab.com/,P,Medium (11-40),Seattle,Capitol Hill,-122.31962844232946,47.612600418739866,thepilotlab,pilot.lab,,,,,,,,,,true,,,,,,,,,,,,,,,,,,,,,,,,,,,,,,,,,,,,,,,,,,
Pley.ground,http://pleyground.design/,P,Small (1-10),Seattle,Pioneer Square,-122.3443361433834,47.61177834192942,pley_ground,pley.ground,,,,,,,,,,true,,,,,,,,,,,,,,,,,,,,,,,,,,,,,,,,,,,,,,,,,,
Possible,https://www.possible.com/,P,Large (41-100),Seattle,Downtown,,,possible,possible,,,,,,,,,,false,,,,,,,,,,,,,,,,,,,,,,,,,,,,,,,,,,,,,,,,,,
Pratt Fine Arts Center,https://www.pratt.org/,P,Medium (11-40),Seattle,Central District,-122.30732451565709,47.600385702356995,prattfinearts,prattfinearts,,,,,,,,,,true,,,,,,,,,,,,,,,,,,,,,,,,,,,,,,,,,,,,,,,,,,
Print NW,http://printnw.rocks/,P,Large (41-100),Tacoma,,-122.47858173101473,47.16688274517419,printnw,print_nw,,,,,,,,,,true,,,,,,,,,,,,,,,,,,,,,,,,,,,,,,,,,,,,,,,,,,
Product Creation Studio,https://www.productcreationstudio.com/,P,Medium (11-40),Seattle,South Lake Union,-122.47858173101473,47.16688274517419,PCS_News,productcreationstudio,,,,,,,,,,true,,,,,,,,,,,,,,,,,,,,,,,,,,,,,,,,,,,,,,,,,,
Publicis Groupe,https://publicisna.com/,P,Large (41-100),Seattle,Queen Anne,-122.35911017702047,47.62286516243082,PublicisSeattle,publicisseattle,,,,,,,,,,false,,,,,,,,,,,,,,,,,,,,,,,,,,,,,,,,,,,,,,,,,,
Push Design,http://pushdesign.net/,P,Small (1-10),Seattle,Pioneer Square,-122.33184903099807,47.60200865546547,,,,,,,,,,,,true,,,,,,,,,,,,,,,,,,,,,,,,,,,,,,,,,,,,,,,,,,
Pyramid Communications,https://www.pyramidcommunications.com/,P,Medium (11-40),Seattle,Pike Place Market,-122.34210368682137,47.61127270368287,PyramidComms,pyramidcomms,,,,,,,,,,true,,,,,,,,,,,,,,,,,,,,,,,,,,,,,,,,,,,,,,,,,,
Quesinberry & Associates,https://quesinberry.com/,Q,Small (1-10),Seattle,Capitol Hill,-122.3170142232947,47.614766043714816,,quesinberryandassociates,,,,,,,,,,true,,,,,,,,,,,,,,,,,,,,,,,,,,,,,,,,,,,,,,,,,,
REI,https://www.rei.com/,R,Large (41-100),Issaquah,,-122.06533871975176,47.552085001747585,rei,rei,,,,,,,,,,true,,,,,,,,,,,,,,,,,,,,,,,,,,,,,,,,,,,,,,,,,,
RMB Vivid,http://rmbvivid.com/,R,Small (1-10),Seattle,Pike Place Market,-122.34220658465894,47.611201758810715,RMBVivid,,,,,,,,,,,true,,,,,,,,,,,,,,,,,,,,,,,,,,,,,,,,,,,,,,,,,,
RRD Packaging Solutions,https://www.rrd.com/,R,Large (41-100),Kent,,-122.250350717325,47.39277069356111,,emeraldcity_graphics,,,,,,,,,,true,,,,,,,,,,,,,,,,,,,,,,,,,,,,,,,,,,,,,,,,,,
Rationale,https://rationale-design.com/,R,Small (1-10),Everett,,-122.21792637805744,48.00301500830179,RationaleDesign,seanwolcott,,,,,,,,,,true,,,,,,,,,,,,,,,,,,,,,,,,,,,,,,,,,,,,,,,,,,
Red Jet Films,https://www.redjetfilms.com/,R,Small (1-10),Seattle,Queen Anne,-122.35225575582369,47.62572021147871,,,,,,,,,,,,true,,,,,,,,,,,,,,,,,,,,,,,,,,,,,,,,,,,,,,,,,,
Retail Voodoo,https://www.retail-voodoo.com/,R,Small (1-10),Seattle,Laurelhurst,-122.31689821565473,47.6606139057321,RetailVoodoo,retailvoodoo,,,,,,,,,,true,,,,,,,,,,,,,,,,,,,,,,,,,,,,,,,,,,,,,,,,,,
Root Culture Lab,http://www.rootculturelab.com/,R,Small (1-10),Seattle,Madrona,-122.2891134134942,47.61402441151606,,rcldesignseattle,,,,,,,,,,true,,,,,,,,,,,,,,,,,,,,,,,,,,,,,,,,,,,,,,,,,,
Rotator Creative,https://rotatorcreative.com/,R,Small (1-10),Tacoma,,-122.43884174081174,47.257318186384694,,rotatorcreative,,,,,,,,,,true,,,,,,,,,,,,,,,,,,,,,,,,,,,,,,,,,,,,,,,,,,
Royale,https://weareroyale.com/,R,Medium (11-40),Seattle,Pioneer Square,-122.3336336269884,47.60257688024059,weareroyale,weareroyale,,,,,,,,,,true,,,,,,,,,,,,,,,,,,,,,,,,,,,,,,,,,,,,,,,,,,
Run Studios,https://www.runstudios.com/,R,Large (41-100),Seattle,Ballard,-122.32945489815316,47.623656249276856,,runstudios,,,,,,,,,,true,,,,,,,,,,,,,,,,,,,,,,,,,,,,,,,,,,,,,,,,,,
Rupert,https://thisisrupert.com/,R,Small (1-10),Seattle,Fremont,-122.36599326167804,47.65876281188104,thisisrupert,rupert.studio,,,,,,,,,,true,,,,,,,,,,,,,,,,,,,,,,,,,,,,,,,,,,,,,,,,,,
Rusty George,https://rustygeorge.com/,R,Small (1-10),Tacoma,,-122.44124563101124,47.256708861270006,RustyGCreative,rustygeorgecreative,,,,,,,,,,true,,,,,,,,,,,,,,,,,,,,,,,,,,,,,,,,,,,,,,,,,,
SGK,https://sgkinc.com/,S,Large (41-100),Redmond,,-122.09625723099555,47.66675719973992,SGKinc,schawkstudios,,,,,,,,,,true,,,,,,,,,,,,,,,,,,,,,,,,,,,,,,,,,,,,,,,,,,
SPU Design,https://spu.edu/academics/college-of-arts-sciences/art/majors-programs/visual-communication,S,Large (41-100),Seattle,Queen Anne,-122.36184640049403,47.64919413186127,,spac_gallery,,,,,,,,,,true,,,,,,,,,,,,,,,,,,,,,,,,,,,,,,,,,,,,,,,,,,
Sarah Piper Staffing,https://spiperstaffing.com/,S,Small (1-10),Seattle,Pioneer Square,,,,,,,,,,,,,,true,,,,,,,,,,,,,,,,,,,,,,,,,,,,,,,,,,,,,,,,,,
Schema,https://www.schemadesign.com/,S,Small (1-10),Seattle,Capitol Hill,-122.31654890216224,47.615822754467146,schemadesign,schemadesign,,,,,,,,,,true,,,,,,,,,,,,,,,,,,,,,,,,,,,,,,,,,,,,,,,,,,
SeaMonster Studios,https://www.seamonsterstudios.com/,S,Small (1-10),Seattle,Downtown,,,the_seamonsters,seamonsterstudios,,,,,,,,,,true,,,,,,,,,,,,,,,,,,,,,,,,,,,,,,,,,,,,,,,,,,
Seattle Art Museum,http://www.seattleartmuseum.org/,S,Medium (11-40),Seattle,Pike Place Market,-122.33791698682144,47.60765548092441,iheartsam,seattleartmuseum,,,,,,,,,,true,,,,,,,,,,,,,,,,,,,,,,,,,,,,,,,,,,,,,,,,,,
Seattle Central Creative Academy,http://seattlecentralcreativeacademy.com/,S,Large (41-100),Seattle,Capitol Hill,-122.32146458866814,47.61634992047527,,creative_academy,,,,,,,,,,true,,,,,,,,,,,,,,,,,,,,,,,,,,,,,,,,,,,,,,,,,,
Shaw/Scott,http://shawscott.com/,S,Medium (11-40),Seattle,Madison Park,-122.27902798866731,47.63499522047913,ShawScott,_shawscott,,,,,,,,,,true,,,,,,,,,,,,,,,,,,,,,,,,,,,,,,,,,,,,,,,,,,
ShiftUp,http://shiftupagency.com,S,Small (1-10),Seattle,Fremont,-122.35096655798448,47.65187807080461,,,,,,,,,,,,true,,,,,,,,,,,,,,,,,,,,,,,,,,,,,,,,,,,,,,,,,,
Shore,https://madebyshore.com/,S,Small (1-10),Seattle,Pioneer Square,,,,madebyshore,,,,,,,,,,true,,,,,,,,,,,,,,,,,,,,,,,,,,,,,,,,,,,,,,,,,,
Sid Lee (HADW),https://sidlee.com/,S,Large (41-100),Seattle,Downtown,-122.33605554232949,47.61106835809117,sidlee,sidlee_official,,,,,,,,,,true,,,,,,,,,,,,,,,,,,,,,,,,,,,,,,,,,,,,,,,,,,
Siotes,http://siotes.com/,S,Small (1-10),Seattle,Pioneer Square,-122.3337696733276,47.59947143586633,,siotes,,,,,,,,,,true,,,,,,,,,,,,,,,,,,,,,,,,,,,,,,,,,,,,,,,,,,
Site Crafting,https://www.sitecrafting.com/,S,Medium (11-40),Tacoma,,-122.43352191567101,47.23674909356582,sitecrafting,sitecrafting,,,,,,,,,,true,,,,,,,,,,,,,,,,,,,,,,,,,,,,,,,,,,,,,,,,,,
Smashing Ideas,https://smashingideas.com/,S,Large (41-100),Seattle,Belltown,-122.34759658682141,47.6117200365621,smashingideas,smashing_ideas_agency,,,,,,,,,,true,,,,,,,,,,,,,,,,,,,,,,,,,,,,,,,,,,,,,,,,,,
Smith co,http://smithco.org/,S,Small (1-10),Seattle,Downtown,-122.33977710212643,47.61194537767262,,architektuer_2017,,,,,,,,,,true,,,,,,,,,,,,,,,,,,,,,,,,,,,,,,,,,,,,,,,,,,
Somelab,http://somelabdesign.com/,S,Small (1-10),Orcas Island,,,,,,,,,,,,,,,true,,,,,,,,,,,,,,,,,,,,,,,,,,,,,,,,,,,,,,,,,,
Spindustry Systems,https://vsg360.com/,S,Medium (11-40),Tacoma,,-122.44334762698841,47.246640246268804,Spindustry,spindustry,,,,,,,,,,true,,,,,,,,,,,,,,,,,,,,,,,,,,,,,,,,,,,,,,,,,,
Square Tomato,http://www.sqtomato.com/,S,Small (1-10),Seattle,SODO,,,,,,,,,,,,,,false,,,,,,,,,,,,,,,,,,,,,,,,,,,,,,,,,,,,,,,,,,
Starbucks,https://www.starbucks.com/,S,Large (41-100),Seattle,SODO,-122.33530838682252,47.58109774393941,starbucks,starbucks,,,,,,,,,,true,,,,,,,,,,,,,,,,,,,,,,,,,,,,,,,,,,,,,,,,,,
States of Matter,https://www.statesofmatter.com/,S,Small (1-10),Seattle,Pioneer Square,-122.3585932134942,47.6185510981635,statesmatter,statesofmatter,,,,,,,,,,true,,,,,,,,,,,,,,,,,,,,,,,,,,,,,,,,,,,,,,,,,,
Straightface Studios,http://sfstudios.com/,S,Small (1-10),Seattle,Queen Anne,-122.37710421565511,47.65225166088441,StraightfaceHQ,,,,,,,,,,,true,,,,,,,,,,,,,,,,,,,,,,,,,,,,,,,,,,,,,,,,,,
Strange & Wonderful,http://www.strangeandwonderful.co/,S,Medium (11-40),Seattle,Pioneer Square,-122.33583983099801,47.6024975620698,,thestrangeandwonderful,,,,,,,,,,true,,,,,,,,,,,,,,,,,,,,,,,,,,,,,,,,,,,,,,,,,,
Studio Matthews,http://www.studiomatthews.com/,S,Small (1-10),Seattle,Capitol Hill,-122.3170356831276,47.6147370931418,,,,,,,,,,,,true,,,,,,,,,,,,,,,,,,,,,,,,,,,,,,,,,,,,,,,,,,
Studio SC,http://studio-sc.com/,S,Small (1-10),Seattle,Pioneer Square,-122.33190409875071,47.59913350087604,studiosc,studio_sc_seattle,,,,,,,,,,true,,,,,,,,,,,,,,,,,,,,,,,,,,,,,,,,,,,,,,,,,,
Substantial,https://substantial.com/,S,Medium (11-40),Seattle,Capitol Hill,-122.32040132883527,47.61555321147331,substantial,substantial,,,,,,,,,,true,,,,,,,,,,,,,,,,,,,,,,,,,,,,,,,,,,,,,,,,,,
Suyama Peterson Deguchi,https://suyamapetersondeguchi.com/,S,Small (1-10),Seattle,South Park,-122.32304455614253,47.52648600614266,,suyamapetersondeguchi,,,,,,,,,,true,,,,,,,,,,,,,,,,,,,,,,,,,,,,,,,,,,,,,,,,,,
Swecker,https://swecker.co/,S,Small (1-10),Seattle,Pioneer Square,-122.33172740216277,47.6021551656261,,,,,,,,,,,,true,,,,,,,,,,,,,,,,,,,,,,,,,,,,,,,,,,,,,,,,,,
T Marks Design,https://tmarksdesign.com/,T,Small (1-10),Seattle,South Lake Union,-122.34278214633845,47.618528553856315,tdaddy61,terry.marks,,,,,,,,,,true,,,,,,,,,,,,,,,,,,,,,,,,,,,,,,,,,,,,,,,,,,
Tactile,https://tactileinc.com/,T,Medium (11-40),Seattle,Belltown,-122.34061634449182,47.61325453231767,tactile_design,tactiledesign,,,,,,,,,,true,,,,,,,,,,,,,,,,,,,,,,,,,,,,,,,,,,,,,,,,,,
Teague,https://teague.com/,T,Large (41-100),Seattle,Pike Place Market,-122.33889075983312,47.608355745904525,teague1926,teague1926,,,,,,,,,,true,,,,,,,,,,,,,,,,,,,,,,,,,,,,,,,,,,,,,,,,,,
Ted Leonhardt,https://tedleonhardt.com/,T,Small (1-10),Seattle,Ballard,,,tedleonhardt,tedcleonhardt,,,,,\You can begin to focus on the areas where there's growth opportunity and the creativity is for purposes other than just making corporations grow.\,,,,cardEpisode3,true,,,,,,,,,,,,,,,,,,,,,,,,,,,,,,,,,,,,,,,,,,
Ten Gun,https://www.tengundesign.com/,T,Large (41-100),Edmonds,,-122.38030108866063,47.810988779233064,,tengundesign,,,,,,,,,,true,,,,,,,,,,,,,,,,,,,,,,,,,,,,,,,,,,,,,,,,,,
Tether,http://tether.com/,T,Medium (11-40),Seattle,Pioneer Square,-122.33262358866865,47.59958167013385,tether,tether,,,,,,,,,,true,,,,,,,,,,,,,,,,,,,,,,,,,,,,,,,,,,,,,,,,,,
The Creative Group,https://www.roberthalf.com/,T,Large (41-100),Seattle,Downtown,-122.33152911076994,47.61390031285357,roberthalf,roberthalf,,,,,,,,,,true,,,,,,,,,,,,,,,,,,,,,,,,,,,,,,,,,,,,,,,,,,
This Place,https://thisplace.com/,T,Large (41-100),Seattle,Fremont,-122.37829109962091,47.67066986546319,thisplacestudio,thisplacestudios,,,,,,,,,,false,,,,,,,,,,,,,,,,,,,,,,,,,,,,,,,,,,,,,,,,,,
Touch Worldwide,https://www.touchworldwide.com/,T,Medium (11-40),Seattle,Pioneer Square,-122.33238661565696,47.60265573230689,,touch_worldwide,,,,,,,,,,true,,,,,,,,,,,,,,,,,,,,,,,,,,,,,,,,,,,,,,,,,,
Transom,https://transom.design/,T,Small (1-10),Seattle,Pioneer Square,-122.33529218281211,47.60049929170814,,transom.design,,,,,\Design can fail. It’s debatable whether one can fail at art.\,,,,cardEpisode2,true,,,,,,,,,,,,,,,,,,,,,,,,,,,,,,,,,,,,,,,,,,
Trifilm,https://www.trifilm.com/,T,Medium (11-40),Kirkland,,-122.2053774021608,47.65551761537504,trifilm,trifilm,,,,,,,,,,true,,,,,,,,,,,,,,,,,,,,,,,,,,,,,,,,,,,,,,,,,,
Turnstyle,http://turnstyle.studio/,T,Small (1-10),Seattle,Fremont,-122.35831342914936,47.65265435051626,turnstylestudio,turnstylestudio,,,,,,,,,,true,,,,,,,,,,,,,,,,,,,,,,,,,,,,,,,,,,,,,,,,,,
UW Press,https://uwapress.uw.edu/,U,Medium (11-40),Seattle,U District,-122.31458380216057,47.66087614838885,UWAPress,uwapress,,,,,,,,,,true,,,,,,,,,,,,,,,,,,,,,,,,,,,,,,,,,,,,,,,,,,
UW School of Art,https://art.washington.edu/design,U,Large (41-100),Seattle,U District,-122.3063840868196,47.658677206629164,,uwsoa,,,,,,,,,,true,,,,,,,,,,,,,,,,,,,,,,,,,,,,,,,,,,,,,,,,,,
UpTop,https://www.uptopcorp.com/,U,Small (1-10),Seattle,Pioneer Square,-122.33091645582367,47.59829447242515,UpTopCorp,uptopcorp,,,,,,,,,,true,,,,,,,,,,,,,,,,,,,,,,,,,,,,,,,,,,,,,,,,,,
Urban Influence,https://www.urbaninfluence.com/,U,Medium (11-40),Seattle,Capitol Hill,-122.31906988057113,47.614637222874656,pigeonwisdom,pigeonwisdom,,,,,,,,,,true,,,,,,,,,,,,,,,,,,,,,,,,,,,,,,,,,,,,,,,,,,
VMLY&R,https://www.vml.com/,V,Large (41-100),Seattle,South Lake Union,-122.33791927332713,47.61278972822198,VMLYR,vmlyr,,,,,,,,,,true,,,,,,,,,,,,,,,,,,,,,,,,,,,,,,,,,,,,,,,,,,
Valve,https://www.valvesoftware.com/,V,Large (41-100),Bellevue,,-122.20089790216242,47.61428755956317,valvesoftware,,,,,,,,,,,true,,,,,,,,,,,,,,,,,,,,,,,,,,,,,,,,,,,,,,,,,,
Vectorform,https://www.vectorform.com/,V,Large (41-100),Seattle,Belltown,-122.34225903099748,47.61551359077914,vectorform,vectorform,,,,,,,,,,true,,,,,,,,,,,,,,,,,,,,,,,,,,,,,,,,,,,,,,,,,,
Vitamin T,https://vitamintalent.com/,V,Small (1-10),Seattle,Fremont,,,vitamintalent,vitamintalent,,,,,,,,,,true,,,,,,,,,,,,,,,,,,,,,,,,,,,,,,,,,,,,,,,,,,
Watts,https://www.wearewatts.com/,W,Medium (11-40),Seattle,Pioneer Square,-122.33371038465893,47.60171952209262,,we.are.watts,,,,,,,,,,true,,,,,,,,,,,,,,,,,,,,,,,,,,,,,,,,,,,,,,,,,,
Western Washington University,https://www.wwu.edu/design/,W,Large (41-100),Bellingham,,-122.48503183897165,48.73569466621371,,wwu_design,,,,,\Being a design educator is a lifestyle and when you sign up for academia there's an expectation that you need to be there for the people around you and the students.\,,,,cardEpisode1,true,,,,,,,,,,,,,,,,,,,,,,,,,,,,,,,,,,,,,,,,,,
Wick & Mortar,https://www.wickandmortar.com/,W,Medium (11-40),Seattle,Pioneer Square,-122.32718337332552,47.65466791772688,wickandmortar,wickandmortar,,,,,,,,,,true,,,,,,,,,,,,,,,,,,,,,,,,,,,,,,,,,,,,,,,,,,
Wide Angle Studios,https://www.wideanglestudios.com/,W,Small (1-10),Seattle,Downtown,-122.32986711565685,47.6057837540852,,,,,,,,,,,,true,,,,,,,,,,,,,,,,,,,,,,,,,,,,,,,,,,,,,,,,,,
Wild Gravity,https://www.wildgravity.net/,W,Medium (11-40),Seattle,First Hill,-122.31439507332749,47.60213836567959,WildGravityLLC,wild.gravity,,,,,,,,,,true,,,,,,,,,,,,,,,,,,,,,,,,,,,,,,,,,,,,,,,,,,
Wildern,https://www.hellowildern.com/,W,Small (1-10),Seattle,Capitol Hill,-122.31772213099754,47.613831661076354,,hellowildern,,,,,,,,,,true,,,,,,,,,,,,,,,,,,,,,,,,,,,,,,,,,,,,,,,,,,
Williams Helde,https://williams-helde.com/,W,Medium (11-40),Seattle,Ballard,-122.37946637474636,47.669141516865956,,williamshelde,,,,,,,,,,true,,,,,,,,,,,,,,,,,,,,,,,,,,,,,,,,,,,,,,,,,,
Wongdoody,https://wongdoody.com/,W,Large (41-100),Seattle,Downtown,-122.33787164449211,47.60462239005407,wongdoody,WONGDOODY,,,,,,,,,,true,,,,,,,,,,,,,,,,,,,,,,,,,,,,,,,,,,,,,,,,,,
World Famous,http://www.worldfamousinc.com/,W,Medium (11-40),Seattle,Capitol Hill,-122.32017423099758,47.61413402049685,WorldFamousInc,worldfamousinc,,,,,,,,,,true,,,,,,,,,,,,,,,,,,,,,,,,,,,,,,,,,,,,,,,,,,
Wunderman Thompson,https://seattle.wunderman.com/,W,Large (41-100),Seattle,South Lake Union,-122.33805753099765,47.61269573563612,WunThompson,wunthompson,,,,,,,,,,true,,,,,,,,,,,,,,,,,,,,,,,,,,,,,,,,,,,,,,,,,,
Y-Designs,https://y-designs.com/,Y,Small (1-10),Seattle,Pioneer Square,-122.33373720031612,47.594961477325874,ydseattle,,,,,,,,,,,true,,,,,,,,,,,,,,,,,,,,,,,,,,,,,,,,,,,,,,,,,,
Yippa,https://yippa.com/,Y,Small (1-10),Seattle,,,,yippadesign,,,,,,,,,,,true,,,,,,,,,,,,,,,,,,,,,,,,,,,,,,,,,,,,,,,,,,
Yondr Studio,https://yondrstudio.com/,Y,Small (1-10),Edmonds,,,,,studioyondr,,,,,,,,,,true,,,,,,,,,,,,,,,,,,,,,,,,,,,,,,,,,,,,,,,,,,
Zillow,https://www.zillow.com/design/,Z,Large (41-100),Seattle,Downtown,-122.3382479,47.60788196846919,zillow,,,,,,,,,,,true,,,,,,,,,,,,,,,,,,,,,,,,,,,,,,,,,,,,,,,,,,
ntrsct designs,https://ntrsct.com,N,Small (1-10),Seattle,,,,,ntrsct.designs,,,,,,,,,,true,,,,,,,,,,,,,,,,,,,,,,,,,,,,,,,,,,,,,,,,,,
projekt202,https://projekt202.com/,P,Large (41-100),Seattle,Downtown,-122.33274363099778,47.610178707011485,projekt202,projekt202,,,,,,,,,,true,,,,,,,,,,,,,,,,,,,,,,,,,,,,,,,,,,,,,,,,,,
rn01,https://www.rno1.com/,R,Small (1-10),Bellevue,,-122.20146853099749,47.61800695118131,livethebrand,livethebrand,,,,,"\Where I've always found the right thing is I've teamed up with people that I believe in, and I trust them 100 percent.\",,,,cardEpisode4,true,,,,,,,,,,,,,,,,,,,,,,,,,,,,,,,,,,,,,,,,,,
test post for publishing,,,,,,,,,,,,,,,,,,,,,,,,,,,,,,,,,,,,,,,,,,,,,,,,,,,,,,,,,,,,,
